MM-11,MMR001,KCN,Kachin,ကချင်,MMR001D001,Myitkyina,မြစ်ကြီးနား,,,
MM-11,MMR001,KCN,Kachin,ကချင်,MMR001D001,Myitkyina,မြစ်ကြီးနား,MMR001001,Myitkyina,မြစ်ကြီးနား
MM-11,MMR001,KCN,Kachin,ကချင်,MMR001D001,Myitkyina,မြစ်ကြီးနား,MMR001002,Waingmaw,ဝိုင်းမော်
MM-11,MMR001,KCN,Kachin,ကချင်,MMR001D001,Myitkyina,မြစ်ကြီးနား,MMR001003,Injangyang,အင်ဂျန်းယန်
MM-11,MMR001,KCN,Kachin,ကချင်,MMR001D001,Myitkyina,မြစ်ကြီးနား,MMR001004,Tanai,တနိုင်း
MM-11,MMR001,KCN,Kachin,ကချင်,MMR001D001,Myitkyina,မြစ်ကြီးနား,MMR001005,Chipwi,ချီဖွေ
MM-11,MMR001,KCN,Kachin,ကချင်,MMR001D001,Myitkyina,မြစ်ကြီးနား,MMR001006,Tsawlaw,ဆော့လော်
MM-11,MMR001,KCN,Kachin,ကချင်,MMR001D001,Myitkyina,မြစ်ကြီးနား,MMR001001702,Sinbo,ဆင်ဘို
MM-11,MMR001,KCN,Kachin,ကချင်,MMR001D001,Myitkyina,မြစ်ကြီးနား,MMR001002702,Sadung,ဆဒုံး
MM-11,MMR001,KCN,Kachin,ကချင်,MMR001D001,Myitkyina,မြစ်ကြီးနား,MMR001002703,Kan Paik Ti,ကန်ပိုက်တီ
MM-11,MMR001,KCN,Kachin,ကချင်,MMR001D001,Myitkyina,မြစ်ကြီးနား,MMR001004702,Shin Bway Yang,ရှင်ဗွေယန်
MM-11,MMR001,KCN,Kachin,ကချင်,MMR001D001,Myitkyina,မြစ်ကြီးနား,MMR001005702,Pang War,ပန်ဝါ
MM-11,MMR001,KCN,Kachin,ကချင်,MMR001D002,Mohnyin,မိုးညှင်,,,
MM-11,MMR001,KCN,Kachin,ကချင်,MMR001D002,Mohnyin,မိုးညှင်,MMR001007,Mohnyin,မိုးညှင်း
MM-11,MMR001,KCN,Kachin,ကချင်,MMR001D002,Mohnyin,မိုးညှင်,MMR001008,Mogaung,မိုးကောင်း
MM-11,MMR001,KCN,Kachin,ကချင်,MMR001D002,Mohnyin,မိုးညှင်,MMR001009,Hpakant,ဖားကန့်
MM-11,MMR001,KCN,Kachin,ကချင်,MMR001D002,Mohnyin,မိုးညှင်,MMR001007702,Hopin,ဟိုပင်
MM-11,MMR001,KCN,Kachin,ကချင်,MMR001D002,Mohnyin,မိုးညှင်,MMR001009702,Kamaing,ကာမိုင်း
MM-11,MMR001,KCN,Kachin,ကချင်,MMR001D003,Bhamo,ဗန်းမော်,,,
MM-11,MMR001,KCN,Kachin,ကချင်,MMR001D003,Bhamo,ဗန်းမော်,MMR001010,Bhamo,ဗန်းမော်
MM-11,MMR001,KCN,Kachin,ကချင်,MMR001D003,Bhamo,ဗန်းမော်,MMR001011,Shwegu,ရွှေကူ
MM-11,MMR001,KCN,Kachin,ကချင်,MMR001D003,Bhamo,ဗန်းမော်,MMR001012,Momauk,မိုးမောက်
MM-11,MMR001,KCN,Kachin,ကချင်,MMR001D003,Bhamo,ဗန်းမော်,MMR001013,Mansi,မံစီ
MM-11,MMR001,KCN,Kachin,ကချင်,MMR001D003,Bhamo,ဗန်းမော်,MMR001011702,Myo Hla,မြို့လှ
MM-11,MMR001,KCN,Kachin,ကချင်,MMR001D003,Bhamo,ဗန်းမော်,MMR001012702,Lwegel,လွယ်ဂျယ်
MM-11,MMR001,KCN,Kachin,ကချင်,MMR001D003,Bhamo,ဗန်းမော်,MMR001012703,Dawthponeyan,ဒေါ့ဖုန်းယန်
MM-11,MMR001,KCN,Kachin,ကချင်,MMR001D004,Puta-O,ပူတာအို,,,
MM-11,MMR001,KCN,Kachin,ကချင်,MMR001D004,Puta-O,ပူတာအို,MMR001014,Puta-O,ပူတာအို
MM-11,MMR001,KCN,Kachin,ကချင်,MMR001D004,Puta-O,ပူတာအို,MMR001015,Sumprabum,ဆွမ်ပရာဘွမ်
MM-11,MMR001,KCN,Kachin,ကချင်,MMR001D004,Puta-O,ပူတာအို,MMR001016,Machanbaw,မချမ်းဘော
MM-11,MMR001,KCN,Kachin,ကချင်,MMR001D004,Puta-O,ပူတာအို,MMR001018,Khaunglanhpu,ခေါင်လန်ဖူး
MM-11,MMR001,KCN,Kachin,ကချင်,MMR001D004,Puta-O,ပူတာအို,MMR001017,Nawngmun,နောင်မွန်း
MM-11,MMR001,KCN,Kachin,ကချင်,MMR001D004,Puta-O,ပူတာအို,MMR001017702,Pannandin,ပန်နန်းဒင်
MM-12,MMR002,KYH,Kayah,ကယား,,,,,,
MM-12,MMR002,KYH,Kayah,ကယား,MMR002D001,Loikaw,လွိုင်ကော်,,,
MM-12,MMR002,KYH,Kayah,ကယား,MMR002D001,Loikaw,လွိုင်ကော်,MMR002001,Loikaw,လွိုင်ကော်
MM-12,MMR002,KYH,Kayah,ကယား,MMR002D001,Loikaw,လွိုင်ကော်,MMR002002,Demoso,ဒီမောဆို
MM-12,MMR002,KYH,Kayah,ကယား,MMR002D001,Loikaw,လွိုင်ကော်,MMR002003,Hpruso,ဖရူဆို
MM-12,MMR002,KYH,Kayah,ကယား,MMR002D001,Loikaw,လွိုင်ကော်,MMR002004,Shadaw,ရှားတော‌
MM-12,MMR002,KYH,Kayah,ကယား,MMR002D002,Bawlake,ဘော်လခဲ,,,
MM-12,MMR002,KYH,Kayah,ကယား,MMR002D002,Bawlake,ဘော်လခဲ,MMR002005,Bawlakhe,ဘော်လခဲ
MM-12,MMR002,KYH,Kayah,ကယား,MMR002D002,Bawlake,ဘော်လခဲ,MMR002006,Hpasawng,ဖားဆောင်း
MM-12,MMR002,KYH,Kayah,ကယား,MMR002D002,Bawlake,ဘော်လခဲ,MMR002007,Mese,မယ်စဲ့
MM-12,MMR002,KYH,Kayah,ကယား,MMR002D002,Bawlake,ဘော်လခဲ,MMR002005702,Ywarthit,ရွာသစ်
MM-13,MMR003,KYN,Kayin,ကရင်,,,,,,
MM-13,MMR003,KYN,Kayin,ကရင်,MMR003D001,Hpa-An,ဘားအံ,,,
MM-13,MMR003,KYN,Kayin,ကရင်,MMR003D001,Hpa-An,ဘားအံ,MMR003001,Hpa-An,ဘားအံ
MM-13,MMR003,KYN,Kayin,ကရင်,MMR003D001,Hpa-An,ဘားအံ,MMR003002,Hlaingbwe,လှိုင်းဘွဲ့
MM-13,MMR003,KYN,Kayin,ကရင်,MMR003D001,Hpa-An,ဘားအံ,MMR003004,Thandaunggyi,သံတောင်ကြီး
MM-13,MMR003,KYN,Kayin,ကရင်,MMR003D001,Hpa-An,ဘားအံ,MMR003002702,Paingkyon,ပိုင်ကျုံ
MM-13,MMR003,KYN,Kayin,ကရင်,MMR003D001,Hpa-An,ဘားအံ,MMR003002703,Shan Ywar Thit,ရှမ်းရွာသစ်
MM-13,MMR003,KYN,Kayin,ကရင်,MMR003D001,Hpa-An,ဘားအံ,MMR003004703,Leik Tho,လိပ်သို
MM-13,MMR003,KYN,Kayin,ကရင်,MMR003D001,Hpa-An,ဘားအံ,MMR003004704,Baw Ga Li,ဘောဂလိ
MM-13,MMR003,KYN,Kayin,ကရင်,MMR003D004,Hpapun,ဖာပွန်,,,
MM-13,MMR003,KYN,Kayin,ကရင်,MMR003D004,Hpapun,ဖာပွန်,MMR003003,Hpapun,ဖာပွန်
MM-13,MMR003,KYN,Kayin,ကရင်,MMR003D004,Hpapun,ဖာပွန်,MMR003003702,Kamarmaung,ကမမောင်း
MM-13,MMR003,KYN,Kayin,ကရင်,MMR003D002,Myawaddy,မြဝတီ,,,
MM-13,MMR003,KYN,Kayin,ကရင်,MMR003D002,Myawaddy,မြဝတီ,MMR003005,Myawaddy,မြဝတီ
MM-13,MMR003,KYN,Kayin,ကရင်,MMR003D002,Myawaddy,မြဝတီ,MMR003005702,Su Ka Li,စုကလိ
MM-13,MMR003,KYN,Kayin,ကရင်,MMR003D002,Myawaddy,မြဝတီ,MMR003005703,Waw Lay Myaing  (Waw Lay),ဝေါလေမြိုင် (ဝေါလေ)
MM-13,MMR003,KYN,Kayin,ကရင်,MMR003D003,Kawkareik,ကော့ကရိတ်,,,
MM-13,MMR003,KYN,Kayin,ကရင်,MMR003D003,Kawkareik,ကော့ကရိတ်,MMR003006,Kawkareik,ကော့ကရိတ်
MM-13,MMR003,KYN,Kayin,ကရင်,MMR003D003,Kawkareik,ကော့ကရိတ်,MMR003007,Kyainseikgyi,ကြာအင်းဆိပ်ကြီး
MM-13,MMR003,KYN,Kayin,ကရင်,MMR003D003,Kawkareik,ကော့ကရိတ်,MMR003007702,Hpayarthonesu,ဘုရားသုံးဆူ
MM-13,MMR003,KYN,Kayin,ကရင်,MMR003D003,Kawkareik,ကော့ကရိတ်,MMR003007703,Kyaikdon,ကျိုက်ထို
MM-14,MMR004,CHN,Chin,ချင်း,,,,,,
MM-14,MMR004,CHN,Chin,ချင်း,MMR004D003,Hakha,ဟားခါး,,,
MM-14,MMR004,CHN,Chin,ချင်း,MMR004D003,Hakha,ဟားခါး,MMR004002,Hakha,ဟားခါး
MM-14,MMR004,CHN,Chin,ချင်း,MMR004D003,Hakha,ဟားခါး,MMR004003,Thantlang,ထန်တလန်
MM-14,MMR004,CHN,Chin,ချင်း,MMR004D001,Falam,ဖလမ်း,,,
MM-14,MMR004,CHN,Chin,ချင်း,MMR004D001,Falam,ဖလမ်း,MMR004001,Falam,ဖလမ်း
MM-14,MMR004,CHN,Chin,ချင်း,MMR004D001,Falam,ဖလမ်း,MMR004004,Tedim,တီးတိန်
MM-14,MMR004,CHN,Chin,ချင်း,MMR004D001,Falam,ဖလမ်း,MMR004005,Tonzang,တွန်းဇံ
MM-14,MMR004,CHN,Chin,ချင်း,MMR004D001,Falam,ဖလမ်း,MMR004001702,Rihkhawdar, ရိခေါ်ဒါရ်
MM-14,MMR004,CHN,Chin,ချင်း,MMR004D001,Falam,ဖလမ်း,MMR004005702,Cikha,ကျီခါး
MM-14,MMR004,CHN,Chin,ချင်း,MMR004D002,Mindat,မင်းတပ်,,,
MM-14,MMR004,CHN,Chin,ချင်း,MMR004D002,Mindat,မင်းတပ်,MMR004006,Mindat,မင်းတပ်
MM-14,MMR004,CHN,Chin,ချင်း,MMR004D002,Mindat,မင်းတပ်,MMR004007,Matupi,မတူပီ
MM-14,MMR004,CHN,Chin,ချင်း,MMR004D002,Mindat,မင်းတပ်,MMR004008,Kanpetlet,ကန်ပက်လက်
MM-14,MMR004,CHN,Chin,ချင်း,MMR004D002,Mindat,မင်းတပ်,MMR004009,Paletwa,ပလက်၀
MM-14,MMR004,CHN,Chin,ချင်း,MMR004D002,Mindat,မင်းတပ်,MMR004007702,Rezua,ရေဇဝါ
MM-14,MMR004,CHN,Chin,ချင်း,MMR004D002,Mindat,မင်းတပ်,MMR004009702,Samee,ဆမီး
MM-01,MMR005,SGG,Sagaing,စစ်ကိုင်း,,,,,,
MM-01,MMR005,SGG,Sagaing,စစ်ကိုင်း,MMR005D001,Sagaing,စစ်ကိုင်း,,,
MM-01,MMR005,SGG,Sagaing,စစ်ကိုင်း,MMR005D001,Sagaing,စစ်ကိုင်း,MMR005001,Sagaing,စစ်ကိုင်း
MM-01,MMR005,SGG,Sagaing,စစ်ကိုင်း,MMR005D001,Sagaing,စစ်ကိုင်း,MMR005002,Myinmu,မြင်းမူ
MM-01,MMR005,SGG,Sagaing,စစ်ကိုင်း,MMR005D001,Sagaing,စစ်ကိုင်း,MMR005003,Myaung,မြောင်
MM-01,MMR005,SGG,Sagaing,စစ်ကိုင်း,MMR005D002,Shwebo,ရွှေဘို,,,
MM-01,MMR005,SGG,Sagaing,စစ်ကိုင်း,MMR005D002,Shwebo,ရွှေဘို,MMR005004,Shwebo,ရွှေဘို
MM-01,MMR005,SGG,Sagaing,စစ်ကိုင်း,MMR005D002,Shwebo,ရွှေဘို,MMR005005,Khin-U,ခင်ဦး
MM-01,MMR005,SGG,Sagaing,စစ်ကိုင်း,MMR005D002,Shwebo,ရွှေဘို,MMR005006,Wetlet,ဝက်လက်
MM-01,MMR005,SGG,Sagaing,စစ်ကိုင်း,MMR005D002,Shwebo,ရွှေဘို,MMR005007,Kanbalu,ကန့်ဘလူ
MM-01,MMR005,SGG,Sagaing,စစ်ကိုင်း,MMR005D002,Shwebo,ရွှေဘို,MMR005008,Kyunhla,ကျွန်းလှ
MM-01,MMR005,SGG,Sagaing,စစ်ကိုင်း,MMR005D002,Shwebo,ရွှေဘို,MMR005009,Ye-U,"ရေဦး"
MM-01,MMR005,SGG,Sagaing,စစ်ကိုင်း,MMR005D002,Shwebo,ရွှေဘို,MMR005010,Tabayin,ဒီပဲယင်း
MM-01,MMR005,SGG,Sagaing,စစ်ကိုင်း,MMR005D002,Shwebo,ရွှေဘို,MMR005011,Taze,တန့်ဆည်
MM-01,MMR005,SGG,Sagaing,စစ်ကိုင်း,MMR005D002,Shwebo,ရွှေဘို,MMR005004702,Kyauk Myaung,ကျောက်မြောင်း
MM-01,MMR005,SGG,Sagaing,စစ်ကိုင်း,MMR005D003,Monywa,မုံရွာ,,,
MM-01,MMR005,SGG,Sagaing,စစ်ကိုင်း,MMR005D003,Monywa,မုံရွာ,MMR005012,Monywa,မုံရွာ
MM-01,MMR005,SGG,Sagaing,စစ်ကိုင်း,MMR005D003,Monywa,မုံရွာ,MMR005013,Budalin,ဘုတလင်
MM-01,MMR005,SGG,Sagaing,စစ်ကိုင်း,MMR005D003,Monywa,မုံရွာ,MMR005014,Ayadaw,အရာတော်
MM-01,MMR005,SGG,Sagaing,စစ်ကိုင်း,MMR005D003,Monywa,မုံရွာ,MMR005015,Chaung-U,ချောင်းဦး
MM-01,MMR005,SGG,Sagaing,စစ်ကိုင်း,MMR005D004,Katha,ကသာ,,,
MM-01,MMR005,SGG,Sagaing,စစ်ကိုင်း,MMR005D004,Katha,ကသာ,MMR005020,Katha,ကသာ
MM-01,MMR005,SGG,Sagaing,စစ်ကိုင်း,MMR005D004,Katha,ကသာ,MMR005021,Indaw,အင်းတော်
MM-01,MMR005,SGG,Sagaing,စစ်ကိုင်း,MMR005D004,Katha,ကသာ,MMR005022,Tigyaing,ထီးချိုင့်
MM-01,MMR005,SGG,Sagaing,စစ်ကိုင်း,MMR005D004,Katha,ကသာ,MMR005023,Banmauk,ဗန်းမောက်
MM-01,MMR005,SGG,Sagaing,စစ်ကိုင်း,MMR005D004,Katha,ကသာ,MMR005024,Kawlin,ကောလင်း
MM-01,MMR005,SGG,Sagaing,စစ်ကိုင်း,MMR005D004,Katha,ကသာ,MMR005025,Wuntho,ဝန်းသို
MM-01,MMR005,SGG,Sagaing,စစ်ကိုင်း,MMR005D004,Katha,ကသာ,MMR005026,Pinlebu,ပင်လည်ဘူး
MM-01,MMR005,SGG,Sagaing,စစ်ကိုင်း,MMR005D005,Kale,ကလေး,,,
MM-01,MMR005,SGG,Sagaing,စစ်ကိုင်း,MMR005D005,Kale,ကလေး,MMR005027,Kale,ကလေး
MM-01,MMR005,SGG,Sagaing,စစ်ကိုင်း,MMR005D005,Kale,ကလေး,MMR005028,Kalewa,ကလေး၀
MM-01,MMR005,SGG,Sagaing,စစ်ကိုင်း,MMR005D005,Kale,ကလေး,MMR005029,Mingin,မင်းကင်း
MM-01,MMR005,SGG,Sagaing,စစ်ကိုင်း,MMR005D006,Tamu,တမူး,,,
MM-01,MMR005,SGG,Sagaing,စစ်ကိုင်း,MMR005D006,Tamu,တမူး,MMR005030,Tamu,တမူး
MM-01,MMR005,SGG,Sagaing,စစ်ကိုင်း,MMR005D006,Tamu,တမူး,MMR005030702,Myothit,မြို့သစ်
MM-01,MMR005,SGG,Sagaing,စစ်ကိုင်း,MMR005D006,Tamu,တမူး,MMR005030703,Khampat,ခန်းပတ်
MM-01,MMR005,SGG,Sagaing,စစ်ကိုင်း,MMR005D007,Mawlaik,မော်လိုက်,,,
MM-01,MMR005,SGG,Sagaing,စစ်ကိုင်း,MMR005D007,Mawlaik,မော်လိုက်,MMR005031,Mawlaik,မော်လိုက်
MM-01,MMR005,SGG,Sagaing,စစ်ကိုင်း,MMR005D007,Mawlaik,မော်လိုက်,MMR005032,Paungbyin,ဖေါင်းပြင်
MM-01,MMR005,SGG,Sagaing,စစ်ကိုင်း,MMR005D008,Hkamti,ခန္တီး,,,
MM-01,MMR005,SGG,Sagaing,စစ်ကိုင်း,MMR005D008,Hkamti,ခန္တီး,MMR005033,Hkamti,ခန္တီး
MM-01,MMR005,SGG,Sagaing,စစ်ကိုင်း,MMR005D008,Hkamti,ခန္တီး,MMR005034,Homalin,ဟုမ္မလင်း
MM-01,MMR005,SGG,Sagaing,စစ်ကိုင်း,MMR005D008,Hkamti,ခန္တီး,MMR005035,Lay Shi,လေရှီး
MM-01,MMR005,SGG,Sagaing,စစ်ကိုင်း,MMR005D008,Hkamti,ခန္တီး,MMR005036,Lahe,လဟယ်
MM-01,MMR005,SGG,Sagaing,စစ်ကိုင်း,MMR005D008,Hkamti,ခန္တီး,MMR005037,Nanyun,နန်းယွန်း
MM-01,MMR005,SGG,Sagaing,စစ်ကိုင်း,MMR005D008,Hkamti,ခန္တီး,MMR005035702,Mo Paing Lut,မိုပိုင်းလွတ်
MM-01,MMR005,SGG,Sagaing,စစ်ကိုင်း,MMR005D008,Hkamti,ခန္တီး,MMR005036703,Sum Ma Rar,ဆွမ္မရာ
MM-01,MMR005,SGG,Sagaing,စစ်ကိုင်း,MMR005D008,Hkamti,ခန္တီး,MMR005036702,Sum Ma Rar,ထန်ပါခွေ
MM-01,MMR005,SGG,Sagaing,စစ်ကိုင်း,MMR005D008,Hkamti,ခန္တီး,MMR005037702,Pansaung,ပန်ဆောင်
MM-01,MMR005,SGG,Sagaing,စစ်ကိုင်း,MMR005D008,Hkamti,ခန္တီး,MMR005037703,Don Hee,ဒုံဟီး
MM-01,MMR005,SGG,Sagaing,စစ်ကိုင်း,MMR005D009,Yinmabin,ယင်းမာပင်,,,
MM-01,MMR005,SGG,Sagaing,စစ်ကိုင်း,MMR005D009,Yinmabin,ယင်းမာပင်,MMR005016,Yinmabin,ယင်းမာပင်
MM-01,MMR005,SGG,Sagaing,စစ်ကိုင်း,MMR005D009,Yinmabin,ယင်းမာပင်,MMR005018,Salingyi,ဆားလင်းကြီ
MM-01,MMR005,SGG,Sagaing,စစ်ကိုင်း,MMR005D009,Yinmabin,ယင်းမာပင်,MMR005019,Pale,ပုလဲ
MM-01,MMR005,SGG,Sagaing,စစ်ကိုင်း,MMR005D009,Yinmabin,ယင်းမာပင်,MMR005017,Kani,ကန်နီ
MM-05,MMR006,TNI,Tanintharyi,တနင်္သာရီ,,,,,,
MM-05,MMR006,TNI,Tanintharyi,တနင်္သာရီ,MMR006D001,Dawei,ထားဝယ်,,,
MM-05,MMR006,TNI,Tanintharyi,တနင်္သာရီ,MMR006D001,Dawei,ထားဝယ်,MMR006001,Dawei,ထားဝယ်
MM-05,MMR006,TNI,Tanintharyi,တနင်္သာရီ,MMR006D001,Dawei,ထားဝယ်,MMR006002,Launglon,လောင်းလုံ
MM-05,MMR006,TNI,Tanintharyi,တနင်္သာရီ,MMR006D001,Dawei,ထားဝယ်,MMR006003,Thayetchaung,သရက်ချောင်း
MM-05,MMR006,TNI,Tanintharyi,တနင်္သာရီ,MMR006D001,Dawei,ထားဝယ်,MMR006004,Yebyu,ရေဖြူ
MM-05,MMR006,TNI,Tanintharyi,တနင်္သာရီ,MMR006D001,Dawei,ထားဝယ်,MMR006001702,Myitta,မတ်ေတာ
MM-05,MMR006,TNI,Tanintharyi,တနင်္သာရီ,MMR006D001,Dawei,ထားဝယ်,MMR006004702,Kaleinaung,ကလိန်အောင်
MM-05,MMR006,TNI,Tanintharyi,တနင်္သာရီ,MMR006D002,Myeik,မြိတ်,,,
MM-05,MMR006,TNI,Tanintharyi,တနင်္သာရီ,MMR006D002,Myeik,မြိတ်,MMR006005,Myeik,မြိတ်
MM-05,MMR006,TNI,Tanintharyi,တနင်္သာရီ,MMR006D002,Myeik,မြိတ်,MMR006006,Kyunsu,ကျွန်းစု
MM-05,MMR006,TNI,Tanintharyi,တနင်္သာရီ,MMR006D002,Myeik,မြိတ်,MMR006007,Palaw,ပုလော
MM-05,MMR006,TNI,Tanintharyi,တနင်္သာရီ,MMR006D002,Myeik,မြိတ်,MMR006008,Tanintharyi,တနင်္သာရီ
MM-05,MMR006,TNI,Tanintharyi,တနင်္သာရီ,MMR006D002,Myeik,မြိတ်,MMR006007702,Palauk,ပလောက်
MM-05,MMR006,TNI,Tanintharyi,တနင်္သာရီ,MMR006D003,Kawthoung,ကော့သောင်း,,,
MM-05,MMR006,TNI,Tanintharyi,တနင်္သာရီ,MMR006D003,Kawthoung,ကော့သောင်း,MMR006009,Kawthoung,ကော့သောင်း
MM-05,MMR006,TNI,Tanintharyi,တနင်္သာရီ,MMR006D003,Kawthoung,ကော့သောင်း,MMR006010,Bokpyin,ဘုတ်ပြင်း
MM-05,MMR006,TNI,Tanintharyi,တနင်္သာရီ,MMR006D003,Kawthoung,ကော့သောင်း,MMR006009702,Khamaukgyi,ခမောက်ကြီး
MM-05,MMR006,TNI,Tanintharyi,တနင်္သာရီ,MMR006D003,Kawthoung,ကော့သောင်း,MMR006010702,Pyigyimandaing,ပြည်ကြီးမဏ္ဍိုင်
MM-05,MMR006,TNI,Tanintharyi,တနင်္သာရီ,MMR006D003,Kawthoung,ကော့သောင်း,MMR006010703,Karathuri,ကရသူရိ
MM-02,MMR111,BGO,Bago,ပဲခူး,,,,,,
MM-02,MMR111,BGO,Bago,ပဲခူး,MMR007D001,Bago,ပဲခူး,,,
MM-02,MMR111,BGO,Bago,ပဲခူး,MMR007D001,Bago,ပဲခူး,MMR007001,Bago,ပဲခူး
MM-02,MMR111,BGO,Bago,ပဲခူး,MMR007D001,Bago,ပဲခူး,MMR007002,Thanatpin,သနပ်ပင်
MM-02,MMR111,BGO,Bago,ပဲခူး,MMR007D001,Bago,ပဲခူး,MMR007003,Kawa,ကဝ
MM-02,MMR111,BGO,Bago,ပဲခူး,MMR007D001,Bago,ပဲခူး,MMR007004,Waw,ဝေါ
MM-02,MMR111,BGO,Bago,ပဲခူး,MMR007D001,Bago,ပဲခူး,MMR007005,Nyaunglebin,ညောင်လေးပင်
MM-02,MMR111,BGO,Bago,ပဲခူး,MMR007D001,Bago,ပဲခူး,MMR007006,Kyauktaga,ကျောက်တံခါး
MM-02,MMR111,BGO,Bago,ပဲခူး,MMR007D001,Bago,ပဲခူး,MMR007007,Daik-U,ဒိုက်ဦး
MM-02,MMR111,BGO,Bago,ပဲခူး,MMR007D001,Bago,ပဲခူး,MMR007008,Shwegyin,ရွှေကျင်
MM-02,MMR111,BGO,Bago,ပဲခူး,MMR007D002,Taungoo,တောင်ငူ,,,
MM-02,MMR111,BGO,Bago,ပဲခူး,MMR007D002,Taungoo,တောင်ငူ,MMR007009,Taungoo,တောင်ငူ
MM-02,MMR111,BGO,Bago,ပဲခူး,MMR007D002,Taungoo,တောင်ငူ,MMR007010,Yedashe,ရေတာရှည်
MM-02,MMR111,BGO,Bago,ပဲခူး,MMR007D002,Taungoo,တောင်ငူ,MMR007011,Kyaukkyi,ကျောက်ကြီး
MM-02,MMR111,BGO,Bago,ပဲခူး,MMR007D002,Taungoo,တောင်ငူ,MMR007012,Phyu,ဖြူး
MM-02,MMR111,BGO,Bago,ပဲခူး,MMR007D002,Taungoo,တောင်ငူ,MMR007013,Oktwin,အုတ်တွင်း
MM-02,MMR111,BGO,Bago,ပဲခူး,MMR007D002,Taungoo,တောင်ငူ,MMR007014,Htantabin,ထန်းတပင်
MM-02,MMR111,BGO,Bago,ပဲခူး,MMR008D001,Pyay,ပြည်,,,
MM-02,MMR111,BGO,Bago,ပဲခူး,MMR008D001,Pyay,ပြည်,MMR008001,Pyay,ပြည်
MM-02,MMR111,BGO,Bago,ပဲခူး,MMR008D001,Pyay,ပြည်,MMR008002,Paukkhaung,ပေါက်ခေါင်း
MM-02,MMR111,BGO,Bago,ပဲခူး,MMR008D001,Pyay,ပြည်,MMR008003,Padaung,ပန်းတောင်း
MM-02,MMR111,BGO,Bago,ပဲခူး,MMR008D001,Pyay,ပြည်,MMR008004,Paungde,ပေါင်းတည်
MM-02,MMR111,BGO,Bago,ပဲခူး,MMR008D001,Pyay,ပြည်,MMR008005,Thegon,သဲကုန်း
MM-02,MMR111,BGO,Bago,ပဲခူး,MMR008D001,Pyay,ပြည်,MMR008006,Shwedaung,ရွှေတောင်
MM-02,MMR111,BGO,Bago,ပဲခူး,MMR008D002,Thayarwady,သာယာဝတီ,,,
MM-02,MMR111,BGO,Bago,ပဲခူး,MMR008D002,Thayarwady,သာယာဝတီ,MMR008007,Thayarwady,သာယာဝတီ
MM-02,MMR111,BGO,Bago,ပဲခူး,MMR008D002,Thayarwady,သာယာဝတီ,MMR008008,Letpadan,လက်ပံတန်း
MM-02,MMR111,BGO,Bago,ပဲခူး,MMR008D002,Thayarwady,သာယာဝတီ,MMR008009,Minhla,မင်းလှ
MM-02,MMR111,BGO,Bago,ပဲခူး,MMR008D002,Thayarwady,သာယာဝတီ,MMR008010,Okpho,အုတ်ဖို
MM-02,MMR111,BGO,Bago,ပဲခူး,MMR008D002,Thayarwady,သာယာဝတီ,MMR008011,Zigon,ဇီးကုန်း
MM-02,MMR111,BGO,Bago,ပဲခူး,MMR008D002,Thayarwady,သာယာဝတီ,MMR008012,Nattalin,နတ်တလင်း
MM-02,MMR111,BGO,Bago,ပဲခူး,MMR008D002,Thayarwady,သာယာဝတီ,MMR008013,Monyo,မိုးညို
MM-02,MMR111,BGO,Bago,ပဲခူး,MMR008D002,Thayarwady,သာယာဝတီ,MMR008014,Gyobingauk,ကြို့ပင်ကောက်
MM-03,MMR009,MGY,Magway,မကွေး,,,,,,
MM-03,MMR009,MGY,Magway,မကွေး,MMR009D001,Magway,မကွေး,,,
MM-03,MMR009,MGY,Magway,မကွေး,MMR009D001,Magway,မကွေး,MMR009001,Magway,မကွေး
MM-03,MMR009,MGY,Magway,မကွေး,MMR009D001,Magway,မကွေး,MMR009002,Yenangyaung,ရေနံချောင်း
MM-03,MMR009,MGY,Magway,မကွေး,MMR009D001,Magway,မကွေး,MMR009003,Chauk,ချောက်
MM-03,MMR009,MGY,Magway,မကွေး,MMR009D001,Magway,မကွေး,MMR009004,Taungdwingyi,တောင်တွင်းကြီး
MM-03,MMR009,MGY,Magway,မကွေး,MMR009D001,Magway,မကွေး,MMR009005,Myothit,မြို့သစ်
MM-03,MMR009,MGY,Magway,မကွေး,MMR009D001,Magway,မကွေး,MMR009006,Natmauk,နတ်မောက်
MM-03,MMR009,MGY,Magway,မကွေး,MMR009D002,Minbu,မင်းဘူး,,,
MM-03,MMR009,MGY,Magway,မကွေး,MMR009D002,Minbu,မင်းဘူး,MMR009007,Minbu,မင်းဘူး
MM-03,MMR009,MGY,Magway,မကွေး,MMR009D002,Minbu,မင်းဘူး,MMR009008,Pwintbyu,ပွင့်ဖြူ
MM-03,MMR009,MGY,Magway,မကွေး,MMR009D002,Minbu,မင်းဘူး,MMR009009,Ngape,ငဖဲ
MM-03,MMR009,MGY,Magway,မကွေး,MMR009D002,Minbu,မင်းဘူး,MMR009010,Salin,စလင်း
MM-03,MMR009,MGY,Magway,မကွေး,MMR009D002,Minbu,မင်းဘူး,MMR009011,Sidoktaya,စေတုတ္ထရာ
MM-03,MMR009,MGY,Magway,မကွေး,MMR009D003,Thayet,သရက်,,,
MM-03,MMR009,MGY,Magway,မကွေး,MMR009D003,Thayet,သရက်,MMR009012,Thayet,သရက်
MM-03,MMR009,MGY,Magway,မကွေး,MMR009D003,Thayet,သရက်,MMR009013,Minhla,မင်းလှ
MM-03,MMR009,MGY,Magway,မကွေး,MMR009D003,Thayet,သရက်,MMR009014,Mindon,မင်းတုန်း
MM-03,MMR009,MGY,Magway,မကွေး,MMR009D003,Thayet,သရက်,MMR009015,Kamma,ကမ္မ
MM-03,MMR009,MGY,Magway,မကွေး,MMR009D003,Thayet,သရက်,MMR009016,Aunglan,အောင်လံ
MM-03,MMR009,MGY,Magway,မကွေး,MMR009D003,Thayet,သရက်,MMR009017,Sinbaungwe,ဆင်ပေါင်ဝဲ
MM-03,MMR009,MGY,Magway,မကွေး,MMR009D004,Pakokku,ပခုက္ကူ,,,
MM-03,MMR009,MGY,Magway,မကွေး,MMR009D004,Pakokku,ပခုက္ကူ,MMR009018,Pakokku,ပခုက္ကူ
MM-03,MMR009,MGY,Magway,မကွေး,MMR009D004,Pakokku,ပခုက္ကူ,MMR009019,Yesagyo,ရေစကြို
MM-03,MMR009,MGY,Magway,မကွေး,MMR009D004,Pakokku,ပခုက္ကူ,MMR009020,Myaing,မြိုင်
MM-03,MMR009,MGY,Magway,မကွေး,MMR009D004,Pakokku,ပခုက္ကူ,MMR009021,Pauk,ပေါက်
MM-03,MMR009,MGY,Magway,မကွေး,MMR009D004,Pakokku,ပခုက္ကူ,MMR009022,Seikphyu,ဆိပ်ဖြူ
MM-03,MMR009,MGY,Magway,မကွေး,MMR009D005,Gangaw,ဂန့်ဂေါ,,,
MM-03,MMR009,MGY,Magway,မကွေး,MMR009D005,Gangaw,ဂန့်ဂေါ,MMR009023,Gangaw,ဂန့်ဂေါ
MM-03,MMR009,MGY,Magway,မကွေး,MMR009D005,Gangaw,ဂန့်ဂေါ,MMR009024,Tilin,ထီးလင်း
MM-03,MMR009,MGY,Magway,မကွေး,MMR009D005,Gangaw,ဂန့်ဂေါ,MMR009025,Saw,ဆော
MM-03,MMR009,MGY,Magway,မကွေး,MMR009D005,Gangaw,ဂန့်ဂေါ,MMR009025702,Kyaukhtu,ကျောက်ထု
MM-04,MMR010,MDY,Mandalay,မန္တလေးတိုင်း,,,,,,
MM-04,MMR010,MDY,Mandalay,မန္တလေးတိုင်း,MMR010D001,Mandalay,မန္တလေး,,,
MM-04,MMR010,MDY,Mandalay,မန္တလေးတိုင်း,MMR010D001,Mandalay,မန္တလေး,MMR010001,Aungmyaythazan,အောင်မြေသာဇံ
MM-04,MMR010,MDY,Mandalay,မန္တလေးတိုင်း,MMR010D001,Mandalay,မန္တလေး,MMR010002,Chanayethazan,ချမ်းအေးသာဇံ
MM-04,MMR010,MDY,Mandalay,မန္တလေးတိုင်း,MMR010D001,Mandalay,မန္တလေး,MMR010003,Mahaaungmyay,မဟာအောင်မြေ
MM-04,MMR010,MDY,Mandalay,မန္တလေးတိုင်း,MMR010D001,Mandalay,မန္တလေး,MMR010004,Chanmyathazi,ချမ်းမြသာစည်
MM-04,MMR010,MDY,Mandalay,မန္တလေးတိုင်း,MMR010D001,Mandalay,မန္တလေး,MMR010005,Pyigyitagon,ပြည်ကြီးတံခွန်
MM-04,MMR010,MDY,Mandalay,မန္တလေးတိုင်း,MMR010D001,Mandalay,မန္တလေး,MMR010006,Amarapura,အမရပူရ
MM-04,MMR010,MDY,Mandalay,မန္တလေးတိုင်း,MMR010D001,Mandalay,မန္တလေး,MMR010007,Patheingyi,ပုသိမ်ကြီး
MM-04,MMR010,MDY,Mandalay,မန္တလေးတိုင်း,MMR010D002,Pyinoolwin,ပြင်ဦးလွင်,,,
MM-04,MMR010,MDY,Mandalay,မန္တလေးတိုင်း,MMR010D002,Pyinoolwin,ပြင်ဦးလွင်,MMR010008,Pyinoolwin,ပြင်ဦးလွင်
MM-04,MMR010,MDY,Mandalay,မန္တလေးတိုင်း,MMR010D002,Pyinoolwin,ပြင်ဦးလွင်,MMR010009,Madaya,မတ္တရာ
MM-04,MMR010,MDY,Mandalay,မန္တလေးတိုင်း,MMR010D002,Pyinoolwin,ပြင်ဦးလွင်,MMR010010,Singu,စဉ့်ကူး
MM-04,MMR010,MDY,Mandalay,မန္တလေးတိုင်း,MMR010D002,Pyinoolwin,ပြင်ဦးလွင်,MMR010011,Mogoke,မိုးကုတ်
MM-04,MMR010,MDY,Mandalay,မန္တလေးတိုင်း,MMR010D002,Pyinoolwin,ပြင်ဦးလွင်,MMR010012,Thabeikkyin,သပိတ်ကျင်း
MM-04,MMR010,MDY,Mandalay,မန္တလေးတိုင်း,MMR010D002,Pyinoolwin,ပြင်ဦးလွင်,MMR010012702,Takaung,တကောင်း
MM-04,MMR010,MDY,Mandalay,မန္တလေးတိုင်း,MMR010D003,Kyaukse,ကျောက်ဆည်,,,
MM-04,MMR010,MDY,Mandalay,မန္တလေးတိုင်း,MMR010D003,Kyaukse,ကျောက်ဆည်,MMR010013,Kyaukse,ကျောက်ဆည်
MM-04,MMR010,MDY,Mandalay,မန္တလေးတိုင်း,MMR010D003,Kyaukse,ကျောက်ဆည်,MMR010014,Sintgaing,စဉ့်ကိုင်
MM-04,MMR010,MDY,Mandalay,မန္တလေးတိုင်း,MMR010D003,Kyaukse,ကျောက်ဆည်,MMR010015,Myittha,မြစ်သား
MM-04,MMR010,MDY,Mandalay,မန္တလေးတိုင်း,MMR010D003,Kyaukse,ကျောက်ဆည်,MMR010016,Tada-U,တံတားဦး
MM-04,MMR010,MDY,Mandalay,မန္တလေးတိုင်း,MMR010D004,Myingyan,မြင်းခြံ,,,
MM-04,MMR010,MDY,Mandalay,မန္တလေးတိုင်း,MMR010D004,Myingyan,မြင်းခြံ,MMR010017,Myingyan,မြင်းခြံ
MM-04,MMR010,MDY,Mandalay,မန္တလေးတိုင်း,MMR010D004,Myingyan,မြင်းခြံ,MMR010018,Taungtha,တောင်သာ
MM-04,MMR010,MDY,Mandalay,မန္တလေးတိုင်း,MMR010D004,Myingyan,မြင်းခြံ,MMR010019,Natogyi,နွားထိုးကြီး
MM-04,MMR010,MDY,Mandalay,မန္တလေးတိုင်း,MMR010D004,Myingyan,မြင်းခြံ,MMR010020,Kyaukpadaung,ကျောက်ပန်းတောင်း
MM-04,MMR010,MDY,Mandalay,မန္တလေးတိုင်း,MMR010D004,Myingyan,မြင်းခြံ,MMR010021,Ngazun,ငါန်းဇွန်
MM-04,MMR010,MDY,Mandalay,မန္တလေးတိုင်း,MMR010D005,Nyaung-U,ညောင်ဦး,,,
MM-04,MMR010,MDY,Mandalay,မန္တလေးတိုင်း,MMR010D005,Nyaung-U,ညောင်ဦး,MMR010022,Nyaung-U,ညောင်ဦး
MM-04,MMR010,MDY,Mandalay,မန္တလေးတိုင်း,MMR010D005,Nyaung-U,ညောင်ဦး,MMR010022703,Ngathayauk,ငါ့သရောက်
MM-04,MMR010,MDY,Mandalay,မန္တလေးတိုင်း,MMR010D006,Yamethin,ရမည်းသင်း,,,
MM-04,MMR010,MDY,Mandalay,မန္တလေးတိုင်း,MMR010D006,Yamethin,ရမည်းသင်း,MMR010023,Yamethin,ရမည်းသင်း
MM-04,MMR010,MDY,Mandalay,မန္တလေးတိုင်း,MMR010D006,Yamethin,ရမည်းသင်း,MMR010024,Pyawbwe,ပျော်ဘွယ်
MM-04,MMR010,MDY,Mandalay,မန္တလေးတိုင်း,MMR010D007,Meiktila,မိတ္ထီလာ,,,
MM-04,MMR010,MDY,Mandalay,မန္တလေးတိုင်း,MMR010D007,Meiktila,မိတ္ထီလာ,MMR010028,Meiktila,မိတ္ထီလာ
MM-04,MMR010,MDY,Mandalay,မန္တလေးတိုင်း,MMR010D007,Meiktila,မိတ္ထီလာ,MMR010029,Mahlaing,မလှိုင်
MM-04,MMR010,MDY,Mandalay,မန္တလေးတိုင်း,MMR010D007,Meiktila,မိတ္ထီလာ,MMR010030,Thazi,သာစည်
MM-04,MMR010,MDY,Mandalay,မန္တလေးတိုင်း,MMR010D007,Meiktila,မိတ္ထီလာ,MMR010031,Wundwin,ဝမ်းတွင်း
MM-15,MMR011,MON,Mon,မွန်,,,,,,
MM-15,MMR011,MON,Mon,မွန်,MMR011D001,Mawlamyine,မော်လမြိုင်,,,
MM-15,MMR011,MON,Mon,မွန်,MMR011D001,Mawlamyine,မော်လမြိုင်,MMR011001,Mawlamyine,မော်လမြိုင်
MM-15,MMR011,MON,Mon,မွန်,MMR011D001,Mawlamyine,မော်လမြိုင်,MMR011002,Kyaikmaraw,ကျိုက်မရော
MM-15,MMR011,MON,Mon,မွန်,MMR011D001,Mawlamyine,မော်လမြိုင်,MMR011003,Chaungzon,ချောင်းဆုံ
MM-15,MMR011,MON,Mon,မွန်,MMR011D001,Mawlamyine,မော်လမြိုင်,MMR011004,Thanbyuzayat,သံဖြူဇရပ်
MM-15,MMR011,MON,Mon,မွန်,MMR011D001,Mawlamyine,မော်လမြိုင်,MMR011005,Mudon,မုဒုံ
MM-15,MMR011,MON,Mon,မွန်,MMR011D001,Mawlamyine,မော်လမြိုင်,MMR011006,Ye,ရေး
MM-15,MMR011,MON,Mon,မွန်,MMR011D001,Mawlamyine,မော်လမြိုင်,MMR011006702,Lamaing,လမိုင်း
MM-15,MMR011,MON,Mon,မွန်,MMR011D001,Mawlamyine,မော်လမြိုင်,MMR011006703,Khawzar,ခေါဇာ
MM-15,MMR011,MON,Mon,မွန်,MMR011D002,Thaton,သထုံ,,,
MM-15,MMR011,MON,Mon,မွန်,MMR011D002,Thaton,သထုံ,MMR011007,Thaton,သထုံ
MM-15,MMR011,MON,Mon,မွန်,MMR011D002,Thaton,သထုံ,MMR011008,Paung,ပေါင်
MM-15,MMR011,MON,Mon,မွန်,MMR011D002,Thaton,သထုံ,MMR011009,Kyaikto,ကျိုက်ထို
MM-15,MMR011,MON,Mon,မွန်,MMR011D002,Thaton,သထုံ,MMR011010,Bilin,ဘီးလင်း
MM-16,MMR012,RKE,Rakhine,ရခိုင်,,,,,,
MM-16,MMR012,RKE,Rakhine,ရခိုင်,MMR012D001,Sittwe,စစ်တွေ,,,
MM-16,MMR012,RKE,Rakhine,ရခိုင်,MMR012D001,Sittwe,စစ်တွေ,MMR012001,Sittwe,စစ်တွေ
MM-16,MMR012,RKE,Rakhine,ရခိုင်,MMR012D001,Sittwe,စစ်တွေ,MMR012002,Ponnagyun,ပုဏ္ဏားကျွန်း
MM-16,MMR012,RKE,Rakhine,ရခိုင်,MMR012D001,Sittwe,စစ်တွေ,MMR012007,Pauktaw,ပေါက်တော
MM-16,MMR012,RKE,Rakhine,ရခိုင်,MMR012D001,Sittwe,စစ်တွေ,MMR012008,Rathedaung,ရသေ့တောင်
MM-16,MMR012,RKE,Rakhine,ရခိုင်,MMR012D005,Mrauk-U,မြောက်ဦး,,,
MM-16,MMR012,RKE,Rakhine,ရခိုင်,MMR012D005,Mrauk-U,မြောက်ဦး,MMR012003,Mrauk-U,မြောက်ဦး
MM-16,MMR012,RKE,Rakhine,ရခိုင်,MMR012D005,Mrauk-U,မြောက်ဦး,MMR012004,Kyauktaw,ကျောက်တော်
MM-16,MMR012,RKE,Rakhine,ရခိုင်,MMR012D005,Mrauk-U,မြောက်ဦး,MMR012005,Minbya,မင်းပြား
MM-16,MMR012,RKE,Rakhine,ရခိုင်,MMR012D005,Mrauk-U,မြောက်ဦး,MMR012006,Myebon,မြေပုံ
MM-16,MMR012,RKE,Rakhine,ရခိုင်,MMR012D002,Maungdaw,မောင်တော,,,
MM-16,MMR012,RKE,Rakhine,ရခိုင်,MMR012D002,Maungdaw,မောင်တော,MMR012009,Maungdaw,မောင်တော
MM-16,MMR012,RKE,Rakhine,ရခိုင်,MMR012D002,Maungdaw,မောင်တော,MMR012010,Buthidaung,ဘူးသီးတောင်
MM-16,MMR012,RKE,Rakhine,ရခိုင်,MMR012D002,Maungdaw,မောင်တော,MMR012009702,Taungpyoletwea,တောင်ပြိုလက်ဝဲ
MM-16,MMR012,RKE,Rakhine,ရခိုင်,MMR012D003,Kyaukpyu,ကျောက်ဖြူ,,,
MM-16,MMR012,RKE,Rakhine,ရခိုင်,MMR012D003,Kyaukpyu,ကျောက်ဖြူ,MMR012011,Kyaukpyu,ကျောက်ဖြူ
MM-16,MMR012,RKE,Rakhine,ရခိုင်,MMR012D003,Kyaukpyu,ကျောက်ဖြူ,MMR012012,Munaung,မာန်အောင်
MM-16,MMR012,RKE,Rakhine,ရခိုင်,MMR012D003,Kyaukpyu,ကျောက်ဖြူ,MMR012013,Ramree,ရမ်းဗြဲ
MM-16,MMR012,RKE,Rakhine,ရခိုင်,MMR012D003,Kyaukpyu,ကျောက်ဖြူ,MMR012014,Ann,အမ်း
MM-16,MMR012,RKE,Rakhine,ရခိုင်,MMR012D004,Thandwe,သံတွဲ,,,
MM-16,MMR012,RKE,Rakhine,ရခိုင်,MMR012D004,Thandwe,သံတွဲ,MMR012015,Thandwe,သံတွဲ
MM-16,MMR012,RKE,Rakhine,ရခိုင်,MMR012D004,Thandwe,သံတွဲ,MMR012016,Toungup,တောင်ကုတ်
MM-16,MMR012,RKE,Rakhine,ရခိုင်,MMR012D004,Thandwe,သံတွဲ,MMR012017,Gwa,ဂွ
MM-16,MMR012,RKE,Rakhine,ရခိုင်,MMR012D004,Thandwe,သံတွဲ,MMR012016702,Ma-Ei,မအီ
MM-16,MMR012,RKE,Rakhine,ရခိုင်,MMR012D004,Thandwe,သံတွဲ,MMR012017702,Kyeintali,ကျိန္တလီ
MM-06,MMR013,YGN,Yangon,ရန်ကုန်,,,,,,
MM-06,MMR013,YGN,Yangon,ရန်ကုန်,MMR013D001,Yangon (North),ရန်ကုန်(မြောက်ပိုင်း),,,
MM-06,MMR013,YGN,Yangon,ရန်ကုန်,MMR013D001,Yangon (North),ရန်ကုန်(မြောက်ပိုင်း),MMR013001,Insein,အင်းစိန်
MM-06,MMR013,YGN,Yangon,ရန်ကုန်,MMR013D001,Yangon (North),ရန်ကုန်(မြောက်ပိုင်း),MMR013002,Mingaladon,မင်္ဂလာဒုံ
MM-06,MMR013,YGN,Yangon,ရန်ကုန်,MMR013D001,Yangon (North),ရန်ကုန်(မြောက်ပိုင်း),MMR013003,Hmawbi,မှော်ဘီ
MM-06,MMR013,YGN,Yangon,ရန်ကုန်,MMR013D001,Yangon (North),ရန်ကုန်(မြောက်ပိုင်း),MMR013004,Hlegu,လှည်းကူး
MM-06,MMR013,YGN,Yangon,ရန်ကုန်,MMR013D001,Yangon (North),ရန်ကုန်(မြောက်ပိုင်း),MMR013005,Taikkyi,တိုက်ကြီး
MM-06,MMR013,YGN,Yangon,ရန်ကုန်,MMR013D001,Yangon (North),ရန်ကုန်(မြောက်ပိုင်း),MMR013006,Htantabin,ထန်းတပင်
MM-06,MMR013,YGN,Yangon,ရန်ကုန်,MMR013D001,Yangon (North),ရန်ကုန်(မြောက်ပိုင်း),MMR013007,Shwepyithar,ရွှေပြည်သာ
MM-06,MMR013,YGN,Yangon,ရန်ကုန်,MMR013D001,Yangon (North),ရန်ကုန်(မြောက်ပိုင်း),MMR013008,Hlaingtharya,လှိုင်သာယာ
MM-06,MMR013,YGN,Yangon,ရန်ကုန်,MMR013D002,Yangon (East),ရန်ကုန်(အရှေ့ပိုင်း),,,
MM-06,MMR013,YGN,Yangon,ရန်ကုန်,MMR013D002,Yangon (East),ရန်ကုန်(အရှေ့ပိုင်း),MMR013009,Thingangyun,သင်္ဃန်းကျွန်း
MM-06,MMR013,YGN,Yangon,ရန်ကုန်,MMR013D002,Yangon (East),ရန်ကုန်(အရှေ့ပိုင်း),MMR013010,Yankin,ရန်ကင်း
MM-06,MMR013,YGN,Yangon,ရန်ကုန်,MMR013D002,Yangon (East),ရန်ကုန်(အရှေ့ပိုင်း),MMR013011,South Okkalapa,တောင်ဥက္ကလာပ
MM-06,MMR013,YGN,Yangon,ရန်ကုန်,MMR013D002,Yangon (East),ရန်ကုန်(အရှေ့ပိုင်း),MMR013012,North Okkalapa,မြောက်ဥက္ကလာပ
MM-06,MMR013,YGN,Yangon,ရန်ကုန်,MMR013D002,Yangon (East),ရန်ကုန်(အရှေ့ပိုင်း),MMR013013,Thaketa,သာကေတ
MM-06,MMR013,YGN,Yangon,ရန်ကုန်,MMR013D002,Yangon (East),ရန်ကုန်(အရှေ့ပိုင်း),MMR013014,Dawbon,ဒေါပုံ
MM-06,MMR013,YGN,Yangon,ရန်ကုန်,MMR013D002,Yangon (East),ရန်ကုန်(အရှေ့ပိုင်း),MMR013015,Tamwe,တာမွေ
MM-06,MMR013,YGN,Yangon,ရန်ကုန်,MMR013D002,Yangon (East),ရန်ကုန်(အရှေ့ပိုင်း),MMR013016,Pazundaung,ပုဇွန်တောင်
MM-06,MMR013,YGN,Yangon,ရန်ကုန်,MMR013D002,Yangon (East),ရန်ကုန်(အရှေ့ပိုင်း),MMR013017,Botahtaung,ဗိုလ်တထောင်
MM-06,MMR013,YGN,Yangon,ရန်ကုန်,MMR013D002,Yangon (East),ရန်ကုန်(အရှေ့ပိုင်း),MMR013018,Dagon Myothit (South),ဒဂုံမြို့သစ်(တောင်ပိုင်း)
MM-06,MMR013,YGN,Yangon,ရန်ကုန်,MMR013D002,Yangon (East),ရန်ကုန်(အရှေ့ပိုင်း),MMR013019,Dagon Myothit (North),ဒဂုံမြို့သစ်(မြောက်ပိုင်း)
MM-06,MMR013,YGN,Yangon,ရန်ကုန်,MMR013D002,Yangon (East),ရန်ကုန်(အရှေ့ပိုင်း),MMR013020,Dagon Myothit (East),ဒဂုံမြို့သစ် (အရှေ့ပိုင်း)
MM-06,MMR013,YGN,Yangon,ရန်ကုန်,MMR013D002,Yangon (East),ရန်ကုန်(အရှေ့ပိုင်း),MMR013021,Dagon Myothit (Seikkan),ဒဂုံမြို့သစ် (ဆိပ်ကမ်း)
MM-06,MMR013,YGN,Yangon,ရန်ကုန်,MMR013D002,Yangon (East),ရန်ကုန်(အရှေ့ပိုင်း),MMR013022,Mingalartaungnyunt,မင်္ဂလာတောင်ညွန့်
MM-06,MMR013,YGN,Yangon,ရန်ကုန်,MMR013D003,Yangon (South),ရန်ကုန်(တောင်ပိုင်း),,,
MM-06,MMR013,YGN,Yangon,ရန်ကုန်,MMR013D003,Yangon (South),ရန်ကုန်(တောင်ပိုင်း),MMR013023,Thanlyin,သန်လျင်
MM-06,MMR013,YGN,Yangon,ရန်ကုန်,MMR013D003,Yangon (South),ရန်ကုန်(တောင်ပိုင်း),MMR013024,Kyauktan,ကျောက်တန်း
MM-06,MMR013,YGN,Yangon,ရန်ကုန်,MMR013D003,Yangon (South),ရန်ကုန်(တောင်ပိုင်း),MMR013025,Thongwa,သုံးခွ
MM-06,MMR013,YGN,Yangon,ရန်ကုန်,MMR013D003,Yangon (South),ရန်ကုန်(တောင်ပိုင်း),MMR013026,Kayan,ခရမ်း
MM-06,MMR013,YGN,Yangon,ရန်ကုန်,MMR013D003,Yangon (South),ရန်ကုန်(တောင်ပိုင်း),MMR013027,Twantay,တွံတေး
MM-06,MMR013,YGN,Yangon,ရန်ကုန်,MMR013D003,Yangon (South),ရန်ကုန်(တောင်ပိုင်း),MMR013028,Kawhmu,ကော့မှူး
MM-06,MMR013,YGN,Yangon,ရန်ကုန်,MMR013D003,Yangon (South),ရန်ကုန်(တောင်ပိုင်း),MMR013029,Kungyangon,ကွမ်းခြံကုန်း
MM-06,MMR013,YGN,Yangon,ရန်ကုန်,MMR013D003,Yangon (South),ရန်ကုန်(တောင်ပိုင်း),MMR013030,Dala,	ဒလ
MM-06,MMR013,YGN,Yangon,ရန်ကုန်,MMR013D003,Yangon (South),ရန်ကုန်(တောင်ပိုင်း),MMR013031,Seikgyikanaungto,ခနောင်တို
MM-06,MMR013,YGN,Yangon,ရန်ကုန်,MMR013D003,Yangon (South),ရန်ကုန်(တောင်ပိုင်း),MMR013032,Cocokyun,ကိုကိုးကျွန်း
MM-06,MMR013,YGN,Yangon,ရန်ကုန်,MMR013D003,Yangon (South),ရန်ကုန်(တောင်ပိုင်း),MMR013024702,Tadar,တံတား
MM-06,MMR013,YGN,Yangon,ရန်ကုန်,MMR013D004,Yangon (West),ရန်ကုန်(အနောက်ပိုင်း),,,
MM-06,MMR013,YGN,Yangon,ရန်ကုန်,MMR013D004,Yangon (West),ရန်ကုန်(အနောက်ပိုင်း),MMR013033,Kyauktada,ကျောက်တံတား
MM-06,MMR013,YGN,Yangon,ရန်ကုန်,MMR013D004,Yangon (West),ရန်ကုန်(အနောက်ပိုင်း),MMR013034,Pabedan,ပန်းဘဲတန်း
MM-06,MMR013,YGN,Yangon,ရန်ကုန်,MMR013D004,Yangon (West),ရန်ကုန်(အနောက်ပိုင်း),MMR013035,Lanmadaw,လမ်းမတော်
MM-06,MMR013,YGN,Yangon,ရန်ကုန်,MMR013D004,Yangon (West),ရန်ကုန်(အနောက်ပိုင်း),MMR013036,Latha,လသာ
MM-06,MMR013,YGN,Yangon,ရန်ကုန်,MMR013D004,Yangon (West),ရန်ကုန်(အနောက်ပိုင်း),MMR013037,Ahlone,အလုံ
MM-06,MMR013,YGN,Yangon,ရန်ကုန်,MMR013D004,Yangon (West),ရန်ကုန်(အနောက်ပိုင်း),MMR013038,Kyeemyindaing,ကြည့်မြင်တိုင်
MM-06,MMR013,YGN,Yangon,ရန်ကုန်,MMR013D004,Yangon (West),ရန်ကုန်(အနောက်ပိုင်း),MMR013039,Sanchaung,စမ်းချောင်း
MM-06,MMR013,YGN,Yangon,ရန်ကုန်,MMR013D004,Yangon (West),ရန်ကုန်(အနောက်ပိုင်း),MMR013040,Hlaing,လှိုင်
MM-06,MMR013,YGN,Yangon,ရန်ကုန်,MMR013D004,Yangon (West),ရန်ကုန်(အနောက်ပိုင်း),MMR013041,Kamaryut,ကမာရွတ်
MM-06,MMR013,YGN,Yangon,ရန်ကုန်,MMR013D004,Yangon (West),ရန်ကုန်(အနောက်ပိုင်း),MMR013042,Mayangone,မရမ်းကုန်း
MM-06,MMR013,YGN,Yangon,ရန်ကုန်,MMR013D004,Yangon (West),ရန်ကုန်(အနောက်ပိုင်း),MMR013043,Dagon,ဒဂုံ
MM-06,MMR013,YGN,Yangon,ရန်ကုန်,MMR013D004,Yangon (West),ရန်ကုန်(အနောက်ပိုင်း),MMR013044,Bahan,ဗဟန်း
MM-06,MMR013,YGN,Yangon,ရန်ကုန်,MMR013D004,Yangon (West),ရန်ကုန်(အနောက်ပိုင်း),MMR013045,Seikkan,ဆိပ်ကမ်း
MM-17,MMR222,SHN,Shan,ရှမ်း,,,,,,
MM-17,MMR222,SHN,Shan,ရှမ်း,MMR014D001,Taunggyi,တောင်ကြီး,,,
MM-17,MMR222,SHN,Shan,ရှမ်း,MMR014D001,Taunggyi,တောင်ကြီး,MMR014001,Taunggyi,တောင်ကြီး
MM-17,MMR222,SHN,Shan,ရှမ်း,MMR014D001,Taunggyi,တောင်ကြီး,MMR014002,Nyaungshwe,ညောင်ရွှေ
MM-17,MMR222,SHN,Shan,ရှမ်း,MMR014D001,Taunggyi,တောင်ကြီး,MMR014003,Hopong,ဟိုပုံး
MM-17,MMR222,SHN,Shan,ရှမ်း,MMR014D001,Taunggyi,တောင်ကြီး,MMR014004,Hsihseng,ဆီဆိုင်
MM-17,MMR222,SHN,Shan,ရှမ်း,MMR014D001,Taunggyi,တောင်ကြီး,MMR014005,Kalaw,ကလော
MM-17,MMR222,SHN,Shan,ရှမ်း,MMR014D001,Taunggyi,တောင်ကြီး,MMR014006,Pindaya,ပင်းတယ
MM-17,MMR222,SHN,Shan,ရှမ်း,MMR014D001,Taunggyi,တောင်ကြီး,MMR014007,Ywangan,ရွာငံ
MM-17,MMR222,SHN,Shan,ရှမ်း,MMR014D001,Taunggyi,တောင်ကြီး,MMR014008,Lawksawk,ရပ်စောက်
MM-17,MMR222,SHN,Shan,ရှမ်း,MMR014D001,Taunggyi,တောင်ကြီး,MMR014009,Pinlaung,ပင်လောင်း
MM-17,MMR222,SHN,Shan,ရှမ်း,MMR014D001,Taunggyi,တောင်ကြီး,MMR014010,Pekon,ဖယ်ခုံ
MM-17,MMR222,SHN,Shan,ရှမ်း,MMR014D001,Taunggyi,တောင်ကြီး,MMR014001703,Kyauktalonegyi,ကျောက်တလုံး
MM-17,MMR222,SHN,Shan,ရှမ်း,MMR014D001,Taunggyi,တောင်ကြီး,MMR014008702,Intaw,အင်တော
MM-17,MMR222,SHN,Shan,ရှမ်း,MMR014D001,Taunggyi,တောင်ကြီး,MMR014009702,Naungtayar,နောင်တရား
MM-17,MMR222,SHN,Shan,ရှမ်း,MMR014D002,Loilen,လွိုင်လင်,,,
MM-17,MMR222,SHN,Shan,ရှမ်း,MMR014D002,Loilen,လွိုင်လင်,MMR014011,Loilen,လွိုင်လင်
MM-17,MMR222,SHN,Shan,ရှမ်း,MMR014D002,Loilen,လွိုင်လင်,MMR014012,Laihka,လဲချား
MM-17,MMR222,SHN,Shan,ရှမ်း,MMR014D002,Loilen,လွိုင်လင်,MMR014013,Nansang,နမ့်စန်
MM-17,MMR222,SHN,Shan,ရှမ်း,MMR014D002,Loilen,လွိုင်လင်,MMR014014,Kunhing,ကွန်ဟိန်း
MM-17,MMR222,SHN,Shan,ရှမ်း,MMR014D002,Loilen,လွိုင်လင်,MMR014015,Kyethi,ကျေးသီး
MM-17,MMR222,SHN,Shan,ရှမ်း,MMR014D002,Loilen,လွိုင်လင်,MMR014016,Mongkaing,မိုင်းကိုင်
MM-17,MMR222,SHN,Shan,ရှမ်း,MMR014D002,Loilen,လွိုင်လင်,MMR014017,Monghsu,မိုင်းရှူး
MM-17,MMR222,SHN,Shan,ရှမ်း,MMR014D002,Loilen,လွိုင်လင်,MMR014011702,Pinlon,ပင်လုံ
MM-17,MMR222,SHN,Shan,ရှမ်း,MMR014D002,Loilen,လွိုင်လင်,MMR014013702,Kho Lam,ခိုလမ်
MM-17,MMR222,SHN,Shan,ရှမ်း,MMR014D002,Loilen,လွိုင်လင်,MMR014014702,Kar Li,ကာလိ
MM-17,MMR222,SHN,Shan,ရှမ်း,MMR014D002,Loilen,လွိုင်လင်,MMR014015702,Mongnawng,မိုင်းနောင်
MM-17,MMR222,SHN,Shan,ရှမ်း,MMR014D002,Loilen,လွိုင်လင်,MMR014017702,Mongsan (Hmonesan),မိုင်းစံ (မုန်းဆန်း)
MM-17,MMR222,SHN,Shan,ရှမ်း,MMR014D003,Langkho,လင်းခေး,,,
MM-17,MMR222,SHN,Shan,ရှမ်း,MMR014D003,Langkho,လင်းခေး,MMR014018,Langkho,လင်းခေး
MM-17,MMR222,SHN,Shan,ရှမ်း,MMR014D003,Langkho,လင်းခေး,MMR014019,Mongnai,မိုးနဲ
MM-17,MMR222,SHN,Shan,ရှမ်း,MMR014D003,Langkho,လင်းခေး,MMR014020,Mawkmai,မောက်မယ်
MM-17,MMR222,SHN,Shan,ရှမ်း,MMR014D003,Langkho,လင်းခေး,MMR014021,Mongpan,မိုင်းပန်
MM-17,MMR222,SHN,Shan,ရှမ်း,MMR014D003,Langkho,လင်းခေး,MMR014018702,Homein,ဟိုမိန်း
MM-17,MMR222,SHN,Shan,ရှမ်း,MMR014D003,Langkho,လင်းခေး,MMR014019702,Kengtawng,ကျိုင်းတောင်
MM-17,MMR222,SHN,Shan,ရှမ်း,MMR015D001,Lashio,လားရှိုး,,,
MM-17,MMR222,SHN,Shan,ရှမ်း,MMR015D001,Lashio,လားရှိုး,MMR015001,Lashio,လားရှိုး
MM-17,MMR222,SHN,Shan,ရှမ်း,MMR015D001,Lashio,လားရှိုး,MMR015002,Hseni,သိန္နီ
MM-17,MMR222,SHN,Shan,ရှမ်း,MMR015D001,Lashio,လားရှိုး,MMR015003,Mongyai,မိုင်းရယ်
MM-17,MMR222,SHN,Shan,ရှမ်း,MMR015D001,Lashio,လားရှိုး,MMR015004,Tangyan,တန့်ယန်း
MM-17,MMR222,SHN,Shan,ရှမ်း,MMR015D002,Muse,မူစယ်,,,
MM-17,MMR222,SHN,Shan,ရှမ်း,MMR015D002,Muse,မူစယ်,MMR015009,Muse,မူဆယ်
MM-17,MMR222,SHN,Shan,ရှမ်း,MMR015D002,Muse,မူစယ်,MMR015010,Namhkan,နမ့်ခမ်း
MM-17,MMR222,SHN,Shan,ရှမ်း,MMR015D002,Muse,မူစယ်,MMR015011,Kutkai,ကွတ်ခိုင်
MM-17,MMR222,SHN,Shan,ရှမ်း,MMR015D002,Muse,မူစယ်,MMR015009702,Monekoe,မုန်းကိုး
MM-17,MMR222,SHN,Shan,ရှမ်း,MMR015D002,Muse,မူစယ်,MMR015009703,Manhlyoe (Manhero),မန်ဟီးရိုး (မန်ဟျိုး)
MM-17,MMR222,SHN,Shan,ရှမ်း,MMR015D002,Muse,မူစယ်,MMR015009704,Pang Hseng (Kyu Koke),ပန်ဆိုင်း (ကြူကုတ်)
MM-17,MMR222,SHN,Shan,ရှမ်း,MMR015D002,Muse,မူစယ်,MMR015011702,Tarmoenye,တာမိုးညဲ
MM-17,MMR222,SHN,Shan,ရှမ်း,MMR015D003,Kyaukme,ကျောက်မဲ,,,
MM-17,MMR222,SHN,Shan,ရှမ်း,MMR015D003,Kyaukme,ကျောက်မဲ,MMR015012,Kyaukme,ကျောက်မဲ
MM-17,MMR222,SHN,Shan,ရှမ်း,MMR015D003,Kyaukme,ကျောက်မဲ,MMR015013,Nawnghkio,နောင်ချို
MM-17,MMR222,SHN,Shan,ရှမ်း,MMR015D003,Kyaukme,ကျောက်မဲ,MMR015014,Hsipaw,သီပေါ
MM-17,MMR222,SHN,Shan,ရှမ်း,MMR015D003,Kyaukme,ကျောက်မဲ,MMR015015,Namtu,နမ္မတူ
MM-17,MMR222,SHN,Shan,ရှမ်း,MMR015D003,Kyaukme,ကျောက်မဲ,MMR015016,Namhsan,နမ့်ဆန်
MM-17,MMR222,SHN,Shan,ရှမ်း,MMR015D003,Kyaukme,ကျောက်မဲ,MMR015017,Mongmit,မိုးမိတ်
MM-17,MMR222,SHN,Shan,ရှမ်း,MMR015D003,Kyaukme,ကျောက်မဲ,MMR015018,Mabein,မဘိမ်း
MM-17,MMR222,SHN,Shan,ရှမ်း,MMR015D003,Kyaukme,ကျောက်မဲ,MMR015019,Manton,မန်တုံ
MM-17,MMR222,SHN,Shan,ရှမ်း,MMR015D003,Kyaukme,ကျောက်မဲ,MMR015012702,Mongngawt,မိုင်းငေါ့
MM-17,MMR222,SHN,Shan,ရှမ်း,MMR015D003,Kyaukme,ကျောက်မဲ,MMR015012703,Monglon,မိုင်းလုံ
MM-17,MMR222,SHN,Shan,ရှမ်း,MMR015D004,Kunlong,ကွမ်းလုံ,,,
MM-17,MMR222,SHN,Shan,ရှမ်း,MMR015D004,Kunlong,ကွမ်းလုံ,MMR015020,Kunlong,ကွမ်းလုံ
MM-17,MMR222,SHN,Shan,ရှမ်း,MMR015D005,Laukkaing,လောက်ကိုင်,,,
MM-17,MMR222,SHN,Shan,ရှမ်း,MMR015D005,Laukkaing,လောက်ကိုင်,MMR015022,Laukkaing,လောက်ကိုင်
MM-17,MMR222,SHN,Shan,ရှမ်း,MMR015D005,Laukkaing,လောက်ကိုင်,MMR015023,Konkyan,ကုန်းကြမ်း
MM-17,MMR222,SHN,Shan,ရှမ်း,MMR015D005,Laukkaing,လောက်ကိုင်,MMR015022702,Chinshwehaw,ချင်းရွှေဟော်
MM-17,MMR222,SHN,Shan,ရှမ်း,MMR015D005,Laukkaing,လောက်ကိုင်,MMR015023702,Maw Hteik,မော်ထိုက်
MM-17,MMR222,SHN,Shan,ရှမ်း,MMR015D006,Hopang,ဟိုပန်,,,
MM-17,MMR222,SHN,Shan,ရှမ်း,MMR015D006,Hopang,ဟိုပန်,MMR015021,Hopang,ဟိုပန်
MM-17,MMR222,SHN,Shan,ရှမ်း,MMR015D006,Hopang,ဟိုပန်,MMR015008,Mongmao,မိုင်းမော
MM-17,MMR222,SHN,Shan,ရှမ်း,MMR015D006,Hopang,ဟိုပန်,MMR015007,Pangwaun,ပန်ဝိုင်
MM-17,MMR222,SHN,Shan,ရှမ်း,MMR015D006,Hopang,ဟိုပန်,MMR015021703,Pan Lon,ပန်လုံ
MM-17,MMR222,SHN,Shan,ရှမ်း,MMR015D007,Matman,မက်မန်း,,,
MM-17,MMR222,SHN,Shan,ရှမ်း,MMR015D007,Matman,မက်မန်း,MMR015024,Matman,မက်မန်း
MM-17,MMR222,SHN,Shan,ရှမ်း,MMR015D007,Matman,မက်မန်း,MMR015005,Pangsang,ပန်ဆန်း (ပန်ခမ်း)
MM-17,MMR222,SHN,Shan,ရှမ်း,MMR015D007,Matman,မက်မန်း,MMR015006,Narphan,နားဖန်
MM-17,MMR222,SHN,Shan,ရှမ်း,MMR015D007,Matman,မက်မန်း,MMR015005702,Man Kan,မန်ကန်
MM-17,MMR222,SHN,Shan,ရှမ်း,MMR016D001,Kengtung,ကျိုင်းတုံ,,,
MM-17,MMR222,SHN,Shan,ရှမ်း,MMR016D001,Kengtung,ကျိုင်းတုံ,MMR016001,Kengtung,ကျိုင်းတုံ
MM-17,MMR222,SHN,Shan,ရှမ်း,MMR016D001,Kengtung,ကျိုင်းတုံ,MMR016002,Mongkhet,မိုင်းခတ်
MM-17,MMR222,SHN,Shan,ရှမ်း,MMR016D001,Kengtung,ကျိုင်းတုံ,MMR016003,Mongyang,မိုင်းယန်း
MM-17,MMR222,SHN,Shan,ရှမ်း,MMR016D001,Kengtung,ကျိုင်းတုံ,MMR016005,Mongla,မိုင်းလား
MM-17,MMR222,SHN,Shan,ရှမ်း,MMR016D001,Kengtung,ကျိုင်းတုံ,MMR016003702,Mongpauk,မိုင်းပေါက်
MM-17,MMR222,SHN,Shan,ရှမ်း,MMR016D002,Monghsat,မိုင်းဆတ်,,,
MM-17,MMR222,SHN,Shan,ရှမ်း,MMR016D002,Monghsat,မိုင်းဆတ်,MMR016006,Monghsat,မိုင်းဆတ်
MM-17,MMR222,SHN,Shan,ရှမ်း,MMR016D002,Monghsat,မိုင်းဆတ်,MMR016007,Mongping,မိုင်းပျဉ်း
MM-17,MMR222,SHN,Shan,ရှမ်း,MMR016D002,Monghsat,မိုင်းဆတ်,MMR016008,Mongton,မိုင်းတုံ
MM-17,MMR222,SHN,Shan,ရှမ်း,MMR016D002,Monghsat,မိုင်းဆတ်,MMR016006702,Mongkhoke,မိုင်းခုတ်
MM-17,MMR222,SHN,Shan,ရှမ်း,MMR016D002,Monghsat,မိုင်းဆတ်,MMR016007702,Tontar,တုံတာ
MM-17,MMR222,SHN,Shan,ရှမ်း,MMR016D002,Monghsat,မိုင်းဆတ်,MMR016008702,Ponparkyin,ပုံပါကျင်
MM-17,MMR222,SHN,Shan,ရှမ်း,MMR016D002,Monghsat,မိုင်းဆတ်,MMR016008703,Hmone Hta,မုံးထ
MM-17,MMR222,SHN,Shan,ရှမ်း,MMR016D003,Tachileik,တာချီလိတ်,,,
MM-17,MMR222,SHN,Shan,ရှမ်း,MMR016D003,Tachileik,တာချီလိတ်,MMR016009,Tachileik,တာချီလိတ်
MM-17,MMR222,SHN,Shan,ရှမ်း,MMR016D003,Tachileik,တာချီလိတ်,MMR016009703,Tarlay,တာလေ
MM-17,MMR222,SHN,Shan,ရှမ်း,MMR016D003,Tachileik,တာချီလိတ်,MMR016009702,Kenglat,ကျိုင်းလပ်
MM-17,MMR222,SHN,Shan,ရှမ်း,MMR016D004,Monghpyak,မိုင်းဖြတ်,,,
MM-17,MMR222,SHN,Shan,ရှမ်း,MMR016D004,Monghpyak,မိုင်းဖြတ်,MMR016010,Monghpyak,မိုင်းဖြတ်
MM-17,MMR222,SHN,Shan,ရှမ်း,MMR016D004,Monghpyak,မိုင်းဖြတ်,MMR016011,Mongyawng,မိုင်းယောင်း
MM-17,MMR222,SHN,Shan,ရှမ်း,MMR016D004,Monghpyak,မိုင်းဖြတ်,MMR016011702,Mongyu,မိုင်းယု
MM-07,MMR017,AYY,Ayeyarwady,ဧရာဝတီ,,,,,,
MM-07,MMR017,AYY,Ayeyarwady,ဧရာဝတီ,MMR017D001,Pathein,ပုသိမ်,,,
MM-07,MMR017,AYY,Ayeyarwady,ဧရာဝတီ,MMR017D001,Pathein,ပုသိမ်,MMR017002,Kangyidaunt,ကန်ကြီးထောင့်
MM-07,MMR017,AYY,Ayeyarwady,ဧရာဝတီ,MMR017D001,Pathein,ပုသိမ်,MMR017007,Kyaunggon,ကျောင်းကုန်း
MM-07,MMR017,AYY,Ayeyarwady,ဧရာဝတီ,MMR017D001,Pathein,ပုသိမ်,MMR017005,Kyonpyaw,ကျုံပျော်
MM-07,MMR017,AYY,Ayeyarwady,ဧရာဝတီ,MMR017D001,Pathein,ပုသိမ်,MMR017004,Ngapudaw,ငပုတော
MM-07,MMR017,AYY,Ayeyarwady,ဧရာဝတီ,MMR017D001,Pathein,ပုသိမ်,MMR017001,Pathein,ပုသိမ်
MM-07,MMR017,AYY,Ayeyarwady,ဧရာဝတီ,MMR017D001,Pathein,ပုသိမ်,MMR017006,Yegyi,ရေကြည်
MM-07,MMR017,AYY,Ayeyarwady,ဧရာဝတီ,MMR017D001,Pathein,ပုသိမ်,MMR017003,Thabaung,သာပေါင်း
MM-07,MMR017,AYY,Ayeyarwady,ဧရာဝတီ,MMR017D001,Pathein,ပုသိမ်,MMR017004702,Ngayokekaung,ငရုတ်ကောင်း
MM-07,MMR017,AYY,Ayeyarwady,ဧရာဝတီ,MMR017D001,Pathein,ပုသိမ်,MMR017004703,Hainggyikyun,ဟိုင်းကြီးကျွန်း
MM-07,MMR017,AYY,Ayeyarwady,ဧရာဝတီ,MMR017D001,Pathein,ပုသိမ်,MMR017001702,Shwethaungyan,ရွှေသောင်ယံ
MM-07,MMR017,AYY,Ayeyarwady,ဧရာဝတီ,MMR017D001,Pathein,ပုသိမ်,MMR017001703,Ngwesaung,ငွေဆောင်
MM-07,MMR017,AYY,Ayeyarwady,ဧရာဝတီ,MMR017D001,Pathein,ပုသိမ်,MMR017006702,Ngathaingchaung,ငသိုင်းချောင်း
MM-07,MMR017,AYY,Ayeyarwady,ဧရာဝတီ,MMR017D006,Pyapon,ဖျာပုံ,,,
MM-07,MMR017,AYY,Ayeyarwady,ဧရာဝတီ,MMR017D006,Pyapon,ဖျာပုံ,MMR017025,Kyaiklat,ကျိုက်လတ်
MM-07,MMR017,AYY,Ayeyarwady,ဧရာဝတီ,MMR017D006,Pyapon,ဖျာပုံ,MMR017026,Dedaye,ဒေးဒရဲ
MM-07,MMR017,AYY,Ayeyarwady,ဧရာဝတီ,MMR017D006,Pyapon,ဖျာပုံ,MMR017023,Pyapon,ဖျာပုံ
MM-07,MMR017,AYY,Ayeyarwady,ဧရာဝတီ,MMR017D006,Pyapon,ဖျာပုံ,MMR017024,Bogale,ဘိုကလေး
MM-07,MMR017,AYY,Ayeyarwady,ဧရာဝတီ,MMR017D006,Pyapon,ဖျာပုံ,MMR017023702,Ahmar,အမာ
MM-07,MMR017,AYY,Ayeyarwady,ဧရာဝတီ,MMR017D005,Maubin,မအူပင်,,,
MM-07,MMR017,AYY,Ayeyarwady,ဧရာဝတီ,MMR017D005,Maubin,မအူပင်,MMR017021,Nyaungdon,ညောင်တုန်း
MM-07,MMR017,AYY,Ayeyarwady,ဧရာဝတီ,MMR017D005,Maubin,မအူပင်,MMR017022,Danubyu,ဓနုဖြူ
MM-07,MMR017,AYY,Ayeyarwady,ဧရာဝတီ,MMR017D005,Maubin,မအူပင်,MMR017020,Pantanaw,ပန်းတနော်
MM-07,MMR017,AYY,Ayeyarwady,ဧရာဝတီ,MMR017D005,Maubin,မအူပင်,MMR017019,Maubin,မအူပင်
MM-07,MMR017,AYY,Ayeyarwady,ဧရာဝတီ,MMR017D003,Myaungmya,မြောင်းမြ,,,
MM-07,MMR017,AYY,Ayeyarwady,ဧရာဝတီ,MMR017D003,Myaungmya,မြောင်းမြ,MMR017014,Myaungmya,မြောင်းမြ
MM-07,MMR017,AYY,Ayeyarwady,ဧရာဝတီ,MMR017D003,Myaungmya,မြောင်းမြ,MMR017017,Wakema,ဝါးခယ်မ
MM-07,MMR017,AYY,Ayeyarwady,ဧရာဝတီ,MMR017D003,Myaungmya,မြောင်းမြ,MMR017015,Einme,အိမ်မဲ
MM-07,MMR017,AYY,Ayeyarwady,ဧရာဝတီ,MMR017D004,Labutta,လပွတ္တာ,,,
MM-07,MMR017,AYY,Ayeyarwady,ဧရာဝတီ,MMR017D004,Labutta,လပွတ္တာ,MMR017018,Mawlamyinegyun,မော်လမြိုင်ကျွန်း
MM-07,MMR017,AYY,Ayeyarwady,ဧရာဝတီ,MMR017D004,Labutta,လပွတ္တာ,MMR017016,Labutta,လပွတ္တာ
MM-07,MMR017,AYY,Ayeyarwady,ဧရာဝတီ,MMR017D004,Labutta,လပွတ္တာ,MMR017016702,Pyinsalu,ပြင်စလူ
MM-07,MMR017,AYY,Ayeyarwady,ဧရာဝတီ,MMR017D002,Hinthada,ဟင်္သာတ,,,
MM-07,MMR017,AYY,Ayeyarwady,ဧရာဝတီ,MMR017D002,Hinthada,ဟင်္သာတ,MMR017012,Kyangin,ကြံခင်း
MM-07,MMR017,AYY,Ayeyarwady,ဧရာဝတီ,MMR017D002,Hinthada,ဟင်္သာတ,MMR017009,Zalun,ဇလွန်
MM-07,MMR017,AYY,Ayeyarwady,ဧရာဝတီ,MMR017D002,Hinthada,ဟင်္သာတ,MMR017011,Myanaung,မြန်အောင်
MM-07,MMR017,AYY,Ayeyarwady,ဧရာဝတီ,MMR017D002,Hinthada,ဟင်္သာတ,MMR017010,Lemyethna,လေးမျက်နှာ
MM-07,MMR017,AYY,Ayeyarwady,ဧရာဝတီ,MMR017D002,Hinthada,ဟင်္သာတ,MMR017008,Hinthada,ဟင်္သာတ
MM-07,MMR017,AYY,Ayeyarwady,ဧရာဝတီ,MMR017D002,Hinthada,ဟင်္သာတ,MMR017013,Ingapu,အင်္ဂပူ
MM-18,MMR018,NPW,Nay Pyi Taw,နေပြည်တော်,,,,,,
MM-18,MMR018,NPW,Nay Pyi Taw,နေပြည်တော်,MMR018D001,Naypyitaw (North),နေပြည်တော်(မြောက်ပိုင်း),,,
MM-18,MMR018,NPW,Nay Pyi Taw,နေပြည်တော်,MMR018D001,Naypyitaw (North),နေပြည်တော်(မြောက်ပိုင်း),MMR018003,Tatkon,တပ်ကုန်း
MM-18,MMR018,NPW,Nay Pyi Taw,နေပြည်တော်,MMR018D001,Naypyitaw (North),နေပြည်တော်(မြောက်ပိုင်း),MMR018001,Zay Yar Thi Ri,ဇေယျာသီရိ
MM-18,MMR018,NPW,Nay Pyi Taw,နေပြည်တော်,MMR018D001,Naypyitaw (North),နေပြည်တော်(မြောက်ပိုင်း),MMR018008,Oke Ta Ra Thi Ri,ဥတ္တရသီရိ
MM-18,MMR018,NPW,Nay Pyi Taw,နေပြည်တော်,MMR018D001,Naypyitaw (North),နေပြည်တော်(မြောက်ပိုင်း),MMR018005,Poke Ba Thi Ri,ပုဗ္ဗသီရိ
MM-18,MMR018,NPW,Nay Pyi Taw,နေပြည်တော်,MMR018D002,Naypyitaw (South),နေပြည်တော်(တောင်ပိုင်း),,,
MM-18,MMR018,NPW,Nay Pyi Taw,နေပြည်တော်,MMR018D002,Naypyitaw (South),နေပြည်တော်(တောင်ပိုင်း),MMR018006,Pyinmana,ပျဉ်းမနား
MM-18,MMR018,NPW,Nay Pyi Taw,နေပြည်တော်,MMR018D002,Naypyitaw (South),နေပြည်တော်(တောင်ပိုင်း),MMR018007,Lewe,လယ်ဝေး
MM-18,MMR018,NPW,Nay Pyi Taw,နေပြည်တော်,MMR018D002,Naypyitaw (South),နေပြည်တော်(တောင်ပိုင်း),MMR018002,Za Bu Thi Ri,ဇမ္ဗူသီရိ
MM-18,MMR018,NPW,Nay Pyi Taw,နေပြည်တော်,MMR018D002,Naypyitaw (South),နေပြည်တော်(တောင်ပိုင်း),MMR018004,Det Khi Na Thi Ri,ဒက္ခိဏသီရိ